<?xml version="1.0" encoding="utf-8" standalone="yes"?>
<rss version="2.0" xmlns:atom="http://www.w3.org/2005/Atom">
  <channel>
    <title>Categories on Кросс / Хьюго Шаблон Портфолио</title>
    <link>https://kross.netlify.com/categories/</link>
    <description>Recent content in Categories on Кросс / Хьюго Шаблон Портфолио</description>
    <generator>Hugo -- gohugo.io</generator>
    <language>ru</language>
    <lastBuildDate>Tue, 12 Nov 2019 00:00:00 +0000</lastBuildDate>
    
	<atom:link href="https://kross.netlify.com/categories/index.xml" rel="self" type="application/rss+xml" />
    
    
    <item>
      <title>Наука</title>
      <link>https://kross.netlify.com/categories/%D0%BD%D0%B0%D1%83%D0%BA%D0%B0/</link>
      <pubDate>Tue, 12 Nov 2019 00:00:00 +0000</pubDate>
      
      <guid>https://kross.netlify.com/categories/%D0%BD%D0%B0%D1%83%D0%BA%D0%B0/</guid>
      <description></description>
    </item>
    
    <item>
      <title>Новости</title>
      <link>https://kross.netlify.com/categories/%D0%BD%D0%BE%D0%B2%D0%BE%D1%81%D1%82%D0%B8/</link>
      <pubDate>Tue, 12 Nov 2019 00:00:00 +0000</pubDate>
      
      <guid>https://kross.netlify.com/categories/%D0%BD%D0%BE%D0%B2%D0%BE%D1%81%D1%82%D0%B8/</guid>
      <description></description>
    </item>
    
    <item>
      <title>R</title>
      <link>https://kross.netlify.com/categories/r/</link>
      <pubDate>Thu, 23 Jul 2015 21:13:14 -0500</pubDate>
      
      <guid>https://kross.netlify.com/categories/r/</guid>
      <description></description>
    </item>
    
  </channel>
</rss>