<?xml version="1.0" encoding="utf-8" standalone="yes"?>
<rss version="2.0" xmlns:atom="http://www.w3.org/2005/Atom">
  <channel>
    <title>Tags on Кросс / Хьюго Шаблон Портфолио</title>
    <link>https://kross.netlify.com/tags/</link>
    <description>Recent content in Tags on Кросс / Хьюго Шаблон Портфолио</description>
    <generator>Hugo -- gohugo.io</generator>
    <language>ru</language>
    <lastBuildDate>Tue, 12 Nov 2019 00:00:00 +0000</lastBuildDate>
    
	<atom:link href="https://kross.netlify.com/tags/index.xml" rel="self" type="application/rss+xml" />
    
    
    <item>
      <title>Википедия</title>
      <link>https://kross.netlify.com/tags/%D0%B2%D0%B8%D0%BA%D0%B8%D0%BF%D0%B5%D0%B4%D0%B8%D1%8F/</link>
      <pubDate>Tue, 12 Nov 2019 00:00:00 +0000</pubDate>
      
      <guid>https://kross.netlify.com/tags/%D0%B2%D0%B8%D0%BA%D0%B8%D0%BF%D0%B5%D0%B4%D0%B8%D1%8F/</guid>
      <description></description>
    </item>
    
    <item>
      <title>Коал</title>
      <link>https://kross.netlify.com/tags/%D0%BA%D0%BE%D0%B0%D0%BB/</link>
      <pubDate>Tue, 12 Nov 2019 00:00:00 +0000</pubDate>
      
      <guid>https://kross.netlify.com/tags/%D0%BA%D0%BE%D0%B0%D0%BB/</guid>
      <description></description>
    </item>
    
    <item>
      <title>Наука</title>
      <link>https://kross.netlify.com/tags/%D0%BD%D0%B0%D1%83%D0%BA%D0%B0/</link>
      <pubDate>Tue, 12 Nov 2019 00:00:00 +0000</pubDate>
      
      <guid>https://kross.netlify.com/tags/%D0%BD%D0%B0%D1%83%D0%BA%D0%B0/</guid>
      <description></description>
    </item>
    
    <item>
      <title>Фотошоп</title>
      <link>https://kross.netlify.com/tags/%D1%84%D0%BE%D1%82%D0%BE%D1%88%D0%BE%D0%BF/</link>
      <pubDate>Tue, 12 Nov 2019 00:00:00 +0000</pubDate>
      
      <guid>https://kross.netlify.com/tags/%D1%84%D0%BE%D1%82%D0%BE%D1%88%D0%BE%D0%BF/</guid>
      <description></description>
    </item>
    
    <item>
      <title>plot</title>
      <link>https://kross.netlify.com/tags/plot/</link>
      <pubDate>Thu, 23 Jul 2015 21:13:14 -0500</pubDate>
      
      <guid>https://kross.netlify.com/tags/plot/</guid>
      <description></description>
    </item>
    
    <item>
      <title>R Markdown</title>
      <link>https://kross.netlify.com/tags/r-markdown/</link>
      <pubDate>Thu, 23 Jul 2015 21:13:14 -0500</pubDate>
      
      <guid>https://kross.netlify.com/tags/r-markdown/</guid>
      <description></description>
    </item>
    
    <item>
      <title>regression</title>
      <link>https://kross.netlify.com/tags/regression/</link>
      <pubDate>Thu, 23 Jul 2015 21:13:14 -0500</pubDate>
      
      <guid>https://kross.netlify.com/tags/regression/</guid>
      <description></description>
    </item>
    
  </channel>
</rss>