<?xml version="1.0" encoding="utf-8" standalone="yes"?>
<rss version="2.0" xmlns:atom="http://www.w3.org/2005/Atom">
  <channel>
    <title>Blog on Кросс / Хьюго Шаблон Портфолио</title>
    <link>https://kross.netlify.com/blog/</link>
    <description>Recent content in Blog on Кросс / Хьюго Шаблон Портфолио</description>
    <generator>Hugo -- gohugo.io</generator>
    <language>ru</language>
    <lastBuildDate>Sun, 12 May 2019 12:14:34 +0600</lastBuildDate>
    
	<atom:link href="https://kross.netlify.com/blog/index.xml" rel="self" type="application/rss+xml" />
    
    
    <item>
      <title>Amazon increase income 1.5 Million</title>
      <link>https://kross.netlify.com/blog/amazon-increase-income.1/</link>
      <pubDate>Sun, 12 May 2019 12:14:34 +0600</pubDate>
      
      <guid>https://kross.netlify.com/blog/amazon-increase-income.1/</guid>
      <description>Lorem ipsum dolor sit amet, consectetur adipisicing elit, sed do eiusmod tempor incididunt ut labore et dolore magna aliqua.</description>
    </item>
    
    <item>
      <title>Amazon increase income 1.5 Million</title>
      <link>https://kross.netlify.com/blog/amazon-increase-income.2/</link>
      <pubDate>Sun, 12 May 2019 12:14:34 +0600</pubDate>
      
      <guid>https://kross.netlify.com/blog/amazon-increase-income.2/</guid>
      <description>Lorem ipsum dolor sit amet, consectetur adipisicing elit, sed do eiusmod tempor incididunt ut labore et dolore magna aliqua.</description>
    </item>
    
    <item>
      <title>Amazon increase income 1.5 Million</title>
      <link>https://kross.netlify.com/blog/amazon-increase-income.3/</link>
      <pubDate>Sun, 12 May 2019 12:14:34 +0600</pubDate>
      
      <guid>https://kross.netlify.com/blog/amazon-increase-income.3/</guid>
      <description>Lorem ipsum dolor sit amet, consectetur adipisicing elit, sed do eiusmod tempor incididunt ut labore et dolore magna aliqua.</description>
    </item>
    
    <item>
      <title>Amazon increase income 1.5 Million</title>
      <link>https://kross.netlify.com/blog/amazon-increase-income.4/</link>
      <pubDate>Sun, 12 May 2019 12:14:34 +0600</pubDate>
      
      <guid>https://kross.netlify.com/blog/amazon-increase-income.4/</guid>
      <description>Lorem ipsum dolor sit amet, consectetur adipisicing elit, sed do eiusmod tempor incididunt ut labore et dolore magna aliqua.</description>
    </item>
    
    <item>
      <title>Amazon increase income 1.5 Million</title>
      <link>https://kross.netlify.com/blog/amazon-increase-income.5/</link>
      <pubDate>Sun, 12 May 2019 12:14:34 +0600</pubDate>
      
      <guid>https://kross.netlify.com/blog/amazon-increase-income.5/</guid>
      <description>Lorem ipsum dolor sit amet, consectetur adipisicing elit, sed do eiusmod tempor incididunt ut labore et dolore magna aliqua.</description>
    </item>
    
    <item>
      <title>Amazon increase income 1.5 Million</title>
      <link>https://kross.netlify.com/blog/amazon-increase-income/</link>
      <pubDate>Sun, 12 May 2019 12:14:34 +0600</pubDate>
      
      <guid>https://kross.netlify.com/blog/amazon-increase-income/</guid>
      <description>Lorem ipsum dolor sit amet, consectetur adipisicing elit, sed do eiusmod tempor incididunt ut labore et dolore magna aliqua.</description>
    </item>
    
    <item>
      <title>Hello R Markdown</title>
      <link>https://kross.netlify.com/blog/2015-07-23-r-rmarkdown/</link>
      <pubDate>Thu, 23 Jul 2015 21:13:14 -0500</pubDate>
      
      <guid>https://kross.netlify.com/blog/2015-07-23-r-rmarkdown/</guid>
      <description>R MarkdownThis is an R Markdown document. Markdown is a simple formatting syntax for authoring HTML, PDF, and MS Word documents.</description>
    </item>
    
  </channel>
</rss>