<?xml version="1.0" encoding="utf-8" standalone="yes"?>
<rss version="2.0" xmlns:atom="http://www.w3.org/2005/Atom">
  <channel>
    <title>Коал on Кросс / Хьюго Шаблон Портфолио</title>
    <link>https://kross.netlify.com/tags/%D0%BA%D0%BE%D0%B0%D0%BB/</link>
    <description>Recent content in Коал on Кросс / Хьюго Шаблон Портфолио</description>
    <generator>Hugo -- gohugo.io</generator>
    <language>ru</language>
    <lastBuildDate>Tue, 12 Nov 2019 00:00:00 +0000</lastBuildDate>
    
	<atom:link href="https://kross.netlify.com/tags/%D0%BA%D0%BE%D0%B0%D0%BB/index.xml" rel="self" type="application/rss+xml" />
    
    
    <item>
      <title>ВНИМАНИЕ!!! Найден новый вид коалы!!!</title>
      <link>https://kross.netlify.com/post/ya-ne-znayu-cto-eto/</link>
      <pubDate>Tue, 12 Nov 2019 00:00:00 +0000</pubDate>
      
      <guid>https://kross.netlify.com/post/ya-ne-znayu-cto-eto/</guid>
      <description>Внимание новый вид коалы найден в интернете, его назвали “Коала-отфотошопленная”</description>
    </item>
    
  </channel>
</rss>