<?xml version="1.0" encoding="utf-8" standalone="yes"?>
<rss version="2.0" xmlns:atom="http://www.w3.org/2005/Atom">
  <channel>
    <title>About on Кросс / Хьюго Шаблон Портфолио</title>
    <link>https://kross.netlify.com/about/</link>
    <description>Recent content in About on Кросс / Хьюго Шаблон Портфолио</description>
    <generator>Hugo -- gohugo.io</generator>
    <language>ru</language>
    <lastBuildDate>Sun, 12 May 2019 12:14:34 +0600</lastBuildDate>
    
	<atom:link href="https://kross.netlify.com/about/index.xml" rel="self" type="application/rss+xml" />
    
    
  </channel>
</rss>