<?xml version="1.0" encoding="utf-8" standalone="yes"?>
<rss version="2.0" xmlns:atom="http://www.w3.org/2005/Atom">
  <channel>
    <title>plot on Кросс / Хьюго Шаблон Портфолио</title>
    <link>https://kross.netlify.com/tags/plot/</link>
    <description>Recent content in plot on Кросс / Хьюго Шаблон Портфолио</description>
    <generator>Hugo -- gohugo.io</generator>
    <language>ru</language>
    <lastBuildDate>Thu, 23 Jul 2015 21:13:14 -0500</lastBuildDate>
    
	<atom:link href="https://kross.netlify.com/tags/plot/index.xml" rel="self" type="application/rss+xml" />
    
    
    <item>
      <title>Hello R Markdown</title>
      <link>https://kross.netlify.com/blog/2015-07-23-r-rmarkdown/</link>
      <pubDate>Thu, 23 Jul 2015 21:13:14 -0500</pubDate>
      
      <guid>https://kross.netlify.com/blog/2015-07-23-r-rmarkdown/</guid>
      <description>R MarkdownThis is an R Markdown document. Markdown is a simple formatting syntax for authoring HTML, PDF, and MS Word documents.</description>
    </item>
    
  </channel>
</rss>